ID,category,average_cost
0,Amazon Devices & Accessories,39.99
1,Amazon Devices & Accessories,144.98
2,Amazon Devices & Accessories,29.99
3,Amazon Devices & Accessories,54.99
4,Amazon Devices & Accessories,24.99
5,Amazon Devices & Accessories,63.98
6,Amazon Devices & Accessories,164.99
7,Amazon Devices & Accessories,39.99
8,Amazon Devices & Accessories,59.99
9,Amazon Devices & Accessories,139.99
10,Amazon Devices & Accessories,39.99
11,Amazon Devices & Accessories,29.99
12,Amazon Devices & Accessories,84.98
13,Amazon Devices & Accessories,34.99
14,Amazon Devices & Accessories,29.99
15,Amazon Devices & Accessories,34.99
16,Amazon Devices & Accessories,59.99
17,Amazon Devices & Accessories,94.99
18,Amazon Devices & Accessories,59.99
19,Amazon Devices & Accessories,39.99
20,Amazon Devices & Accessories,14.75
21,Amazon Devices & Accessories,239.99
22,Amazon Devices & Accessories,9.99
23,Amazon Devices & Accessories,34.99
24,Amazon Devices & Accessories,189.99
25,Amazon Devices & Accessories,129.99
26,Amazon Devices & Accessories,59.99
27,Amazon Devices & Accessories,169.98
28,Amazon Devices & Accessories,99.99
29,Amazon Devices & Accessories,81.67
30,Amazon Devices & Accessories,29.99
31,Amazon Devices & Accessories,1.99
32,Amazon Devices & Accessories,89.99
33,Amazon Devices & Accessories,189.99
34,Amazon Devices & Accessories,102.48
35,Amazon Devices & Accessories,139.99
36,Amazon Devices & Accessories,149.99
37,Amazon Devices & Accessories,89.99
38,Amazon Devices & Accessories,89.99
39,Amazon Devices & Accessories,219.99
40,Amazon Devices & Accessories,39.99
41,Amazon Devices & Accessories,99.99
42,Amazon Devices & Accessories,59.99
43,Amazon Devices & Accessories,17.99
44,Amazon Devices & Accessories,59.99
45,Amazon Devices & Accessories,179.99
46,Amazon Devices & Accessories,14.99
47,Amazon Devices & Accessories,99.99
48,Amazon Devices & Accessories,18.99
49,Amazon Devices & Accessories,169.99
50,Amazon Explore,37.15
51,Amazon Explore,30.75
52,Amazon Explore,30.75
53,Amazon Explore,17.4
54,Amazon Explore,59.5
55,Amazon Explore,99.45
56,Amazon Explore,25.0
57,Amazon Explore,15.25
58,Amazon Explore,12.5
59,Amazon Explore,39.75
60,Amazon Explore,34.3
61,Amazon Explore,30.75
62,Amazon Explore,55.65
63,Amazon Explore,245.0
64,Amazon Explore,49.5
65,Amazon Explore,30.0
66,Amazon Explore,12.65
67,Amazon Explore,39.75
68,Amazon Explore,48.3
69,Amazon Explore,39.75
70,Amazon Explore,45.65
71,Amazon Explore,30.75
72,Amazon Explore,10.0
73,Amazon Explore,21.0
74,Amazon Explore,30.62
75,Amazon Explore,87.4
76,Amazon Explore,49.0
77,Amazon Explore,30.75
78,Amazon Explore,59.5
79,Amazon Explore,20.3
80,Amazon Launchpad,46.98
81,Amazon Launchpad,21.09
82,Amazon Launchpad,13.7
83,Amazon Launchpad,33.12
84,Amazon Launchpad,57.49
85,Amazon Launchpad,17.39
86,Amazon Launchpad,11.73
87,Amazon Launchpad,27.2
88,Amazon Launchpad,38.99
89,Amazon Launchpad,37.83
90,Amazon Launchpad,26.2
91,Amazon Launchpad,29.1
92,Amazon Launchpad,17.5
93,Amazon Launchpad,31.65
94,Amazon Launchpad,24.23
95,Amazon Launchpad,37.99
96,Amazon Launchpad,37.74
97,Amazon Launchpad,27.38
98,Amazon Launchpad,24.98
99,Amazon Launchpad,28.74
100,Amazon Launchpad,13.64
101,Amazon Launchpad,8.49
102,Amazon Launchpad,24.04
103,Amazon Launchpad,27.55
104,Amazon Launchpad,17.47
105,Amazon Launchpad,33.87
106,Amazon Launchpad,39.82
107,Amazon Launchpad,71.75
108,Amazon Launchpad,29.95
109,Amazon Launchpad,162.0
110,Appliances,112.99
111,Appliances,119.99
112,Appliances,144.99
113,Appliances,34.74
114,Appliances,117.49
115,Appliances,234.02
116,Appliances,125.44
117,Appliances,504.5
118,Appliances,195.97
119,Appliances,640.98
120,Appliances,94.49
121,Appliances,15.99
122,Appliances,365.03
123,Appliances,265.0
124,Appliances,174.99
125,Appliances,599.0
126,Appliances,114.99
127,Appliances,579.0
128,Appliances,236.36
129,Appliances,664.94
130,Appliances,0.0
131,Appliances,399.99
132,Appliances,27.99
133,Appliances,175.44
134,Appliances,159.99
135,Appliances,324.99
136,Appliances,12.45
137,Appliances,139.59
138,Appliances,105.99
139,Appliances,24.99
140,Apps & Games,6.99
141,Apps & Games,3.99
142,Apps & Games,6.99
143,Apps & Games,0.99
144,Apps & Games,6.99
145,Apps & Games,7.99
146,Apps & Games,9.0
147,Apps & Games,1.99
148,Apps & Games,6.99
149,Apps & Games,6.99
150,Apps & Games,1.99
151,Apps & Games,6.99
152,Apps & Games,7.99
153,Apps & Games,7.99
154,Apps & Games,5.99
155,Apps & Games,3.99
156,Apps & Games,3.99
157,Apps & Games,7.99
158,Apps & Games,8.99
159,Apps & Games,2.99
160,Apps & Games,2.99
161,Apps & Games,8.99
162,Apps & Games,4.99
163,Apps & Games,7.0
164,Apps & Games,7.99
165,Apps & Games,5.99
166,Apps & Games,8.0
167,Apps & Games,3.99
168,Apps & Games,7.99
169,Apps & Games,7.99
170,"Arts, Crafts & Sewing",8.27
171,"Arts, Crafts & Sewing",14.49
172,"Arts, Crafts & Sewing",42.59
173,"Arts, Crafts & Sewing",37.73
174,"Arts, Crafts & Sewing",29.34
175,"Arts, Crafts & Sewing",6.2
176,"Arts, Crafts & Sewing",32.98
177,"Arts, Crafts & Sewing",5.52
178,"Arts, Crafts & Sewing",8.72
179,"Arts, Crafts & Sewing",9.96
180,"Arts, Crafts & Sewing",9.49
181,"Arts, Crafts & Sewing",22.58
182,"Arts, Crafts & Sewing",10.49
183,"Arts, Crafts & Sewing",14.17
184,"Arts, Crafts & Sewing",4.49
185,"Arts, Crafts & Sewing",29.53
186,"Arts, Crafts & Sewing",42.97
187,"Arts, Crafts & Sewing",13.99
188,"Arts, Crafts & Sewing",18.73
189,"Arts, Crafts & Sewing",15.49
190,"Arts, Crafts & Sewing",8.57
191,"Arts, Crafts & Sewing",11.99
192,"Arts, Crafts & Sewing",18.41
193,"Arts, Crafts & Sewing",16.5
194,"Arts, Crafts & Sewing",7.96
195,"Arts, Crafts & Sewing",24.71
196,"Arts, Crafts & Sewing",10.99
197,"Arts, Crafts & Sewing",14.49
198,"Arts, Crafts & Sewing",5.27
199,"Arts, Crafts & Sewing",27.24
200,Audible Books & Originals,0.0
201,Audible Books & Originals,0.0
202,Audible Books & Originals,0.0
203,Audible Books & Originals,0.0
204,Audible Books & Originals,0.0
205,Audible Books & Originals,0.0
206,Audible Books & Originals,0.0
207,Audible Books & Originals,0.0
208,Audible Books & Originals,0.0
209,Audible Books & Originals,0.0
210,Audible Books & Originals,0.0
211,Audible Books & Originals,0.0
212,Audible Books & Originals,0.0
213,Audible Books & Originals,0.0
214,Audible Books & Originals,0.0
215,Audible Books & Originals,0.0
216,Audible Books & Originals,0.0
217,Audible Books & Originals,0.0
218,Audible Books & Originals,0.0
219,Audible Books & Originals,0.0
220,Audible Books & Originals,0.0
221,Audible Books & Originals,0.0
222,Audible Books & Originals,0.0
223,Audible Books & Originals,0.0
224,Audible Books & Originals,0.0
225,Audible Books & Originals,0.0
226,Audible Books & Originals,0.0
227,Audible Books & Originals,0.0
228,Audible Books & Originals,0.0
229,Audible Books & Originals,0.0
230,Automotive,27.49
231,Automotive,36.98
232,Automotive,65.5
233,Automotive,32.73
234,Automotive,34.12
235,Automotive,47.95
236,Automotive,7.99
237,Automotive,31.68
238,Automotive,20.99
239,Automotive,7.94
240,Automotive,99.95
241,Automotive,33.7
242,Automotive,33.48
243,Automotive,14.99
244,Automotive,19.99
245,Automotive,17.99
246,Automotive,33.57
247,Automotive,54.6
248,Automotive,32.49
249,Automotive,19.17
250,Automotive,17.23
251,Automotive,16.99
252,Automotive,70.8
253,Automotive,83.41
254,Automotive,25.0
255,Automotive,30.99
256,Automotive,52.23
257,Automotive,68.42
258,Automotive,71.48
259,Automotive,5.99
260,Baby,37.73
261,Baby,91.75
262,Baby,29.48
263,Baby,45.12
264,Baby,118.99
265,Baby,33.63
266,Baby,16.34
267,Baby,76.97
268,Baby,72.12
269,Baby,26.52
270,Baby,31.25
271,Baby,49.99
272,Baby,19.99
273,Baby,16.98
274,Baby,35.0
275,Baby,18.44
276,Baby,49.66
277,Baby,18.49
278,Baby,29.99
279,Baby,12.94
280,Baby,95.82
281,Baby,45.82
282,Baby,104.05
283,Baby,9.99
284,Baby,98.81
285,Baby,18.34
286,Baby,0.0
287,Baby,16.79
288,Baby,82.86
289,Baby,71.67
290,Beauty & Personal Care,12.99
291,Beauty & Personal Care,8.99
292,Beauty & Personal Care,43.05
293,Beauty & Personal Care,20.23
294,Beauty & Personal Care,18.05
295,Beauty & Personal Care,16.73
296,Beauty & Personal Care,8.89
297,Beauty & Personal Care,0.69
298,Beauty & Personal Care,11.12
299,Beauty & Personal Care,28.84
300,Beauty & Personal Care,29.45
301,Beauty & Personal Care,6.99
302,Beauty & Personal Care,97.98
303,Beauty & Personal Care,53.0
304,Beauty & Personal Care,47.28
305,Beauty & Personal Care,8.29
306,Beauty & Personal Care,33.49
307,Beauty & Personal Care,12.27
308,Beauty & Personal Care,8.99
309,Beauty & Personal Care,13.64
310,Beauty & Personal Care,22.22
311,Beauty & Personal Care,17.51
312,Beauty & Personal Care,8.46
313,Beauty & Personal Care,55.99
314,Beauty & Personal Care,25.37
315,Beauty & Personal Care,15.89
316,Beauty & Personal Care,19.96
317,Beauty & Personal Care,16.0
318,Beauty & Personal Care,13.99
319,Beauty & Personal Care,25.0
320,Books,10.26
321,Books,11.26
322,Books,9.98
323,Books,10.4
324,Books,9.57
325,Books,24.99
326,Books,12.99
327,Books,9.42
328,Books,11.6
329,Books,11.98
330,Books,23.99
331,Books,11.44
332,Books,11.99
333,Books,11.99
334,Books,3.0
335,Books,26.99
336,Books,11.4
337,Books,27.49
338,Books,5.06
339,Books,3.99
340,Books,7.74
341,Books,3.99
342,Books,11.8
343,Books,4.31
344,Books,11.91
345,Books,9.36
346,Books,9.31
347,Books,10.84
348,Books,23.99
349,Books,12.39
350,Camera & Photo Products,53.47
351,Camera & Photo Products,45.99
352,Camera & Photo Products,35.99
353,Camera & Photo Products,57.99
354,Camera & Photo Products,169.98
355,Camera & Photo Products,51.47
356,Camera & Photo Products,107.0
357,Camera & Photo Products,69.88
358,Camera & Photo Products,38.89
359,Camera & Photo Products,19.98
360,Camera & Photo Products,50.49
361,Camera & Photo Products,398.75
362,Camera & Photo Products,62.49
363,Camera & Photo Products,30.49
364,Camera & Photo Products,169.98
365,Camera & Photo Products,59.99
366,Camera & Photo Products,54.99
367,Camera & Photo Products,29.99
368,Camera & Photo Products,18.0
369,Camera & Photo Products,96.99
370,Camera & Photo Products,35.85
371,Camera & Photo Products,52.99
372,Camera & Photo Products,70.14
373,Camera & Photo Products,99.99
374,Camera & Photo Products,45.99
375,Camera & Photo Products,61.49
376,Camera & Photo Products,89.98
377,Camera & Photo Products,49.99
378,Camera & Photo Products,68.74
379,Camera & Photo Products,29.75
380,CDs & Vinyl,10.79
381,CDs & Vinyl,0.0
382,CDs & Vinyl,0.0
383,CDs & Vinyl,20.69
384,CDs & Vinyl,31.49
385,CDs & Vinyl,53.99
386,CDs & Vinyl,31.49
387,CDs & Vinyl,0.0
388,CDs & Vinyl,13.96
389,CDs & Vinyl,11.29
390,CDs & Vinyl,16.83
391,CDs & Vinyl,0.0
392,CDs & Vinyl,35.98
393,CDs & Vinyl,29.25
394,CDs & Vinyl,14.99
395,CDs & Vinyl,0.0
396,CDs & Vinyl,0.0
397,CDs & Vinyl,17.99
398,CDs & Vinyl,0.0
399,CDs & Vinyl,12.97
400,CDs & Vinyl,38.23
401,CDs & Vinyl,10.97
402,CDs & Vinyl,19.97
403,CDs & Vinyl,24.98
404,CDs & Vinyl,11.96
405,CDs & Vinyl,6.92
406,CDs & Vinyl,33.49
407,CDs & Vinyl,0.0
408,CDs & Vinyl,11.96
409,CDs & Vinyl,12.59
410,Cell Phones & Accessories,7.98
411,Cell Phones & Accessories,17.98
412,Cell Phones & Accessories,24.49
413,Cell Phones & Accessories,11.99
414,Cell Phones & Accessories,7.63
415,Cell Phones & Accessories,9.88
416,Cell Phones & Accessories,7.98
417,Cell Phones & Accessories,11.49
418,Cell Phones & Accessories,24.99
419,Cell Phones & Accessories,8.88
420,Cell Phones & Accessories,10.99
421,Cell Phones & Accessories,7.89
422,Cell Phones & Accessories,7.19
423,Cell Phones & Accessories,11.99
424,Cell Phones & Accessories,8.88
425,Cell Phones & Accessories,13.99
426,Cell Phones & Accessories,15.49
427,Cell Phones & Accessories,15.59
428,Cell Phones & Accessories,9.99
429,Cell Phones & Accessories,13.1
430,Cell Phones & Accessories,16.19
431,Cell Phones & Accessories,8.25
432,Cell Phones & Accessories,24.23
433,Cell Phones & Accessories,5.94
434,Cell Phones & Accessories,24.97
435,Cell Phones & Accessories,37.99
436,Cell Phones & Accessories,25.9
437,Cell Phones & Accessories,10.99
438,Cell Phones & Accessories,5.98
439,Cell Phones & Accessories,7.98
440,Cell Phones & Accessories,39.28
441,Cell Phones & Accessories,11.49
442,Cell Phones & Accessories,10.99
443,Cell Phones & Accessories,9.99
444,Cell Phones & Accessories,11.99
445,Cell Phones & Accessories,6.98
446,Cell Phones & Accessories,14.98
447,Cell Phones & Accessories,8.98
448,Cell Phones & Accessories,11.24
449,Cell Phones & Accessories,16.99
450,Cell Phones & Accessories,16.49
451,Cell Phones & Accessories,20.99
452,Cell Phones & Accessories,34.45
453,Cell Phones & Accessories,19.98
454,Cell Phones & Accessories,99.99
455,Cell Phones & Accessories,6.79
456,"Clothing, Shoes & Jewelry",63.39
457,"Clothing, Shoes & Jewelry",124.58
458,"Clothing, Shoes & Jewelry",25.93
459,"Clothing, Shoes & Jewelry",53.3
460,"Clothing, Shoes & Jewelry",12.13
461,"Clothing, Shoes & Jewelry",59.76
462,"Clothing, Shoes & Jewelry",47.1
463,"Clothing, Shoes & Jewelry",70.94
464,"Clothing, Shoes & Jewelry",97.36
465,"Clothing, Shoes & Jewelry",243.19
466,"Clothing, Shoes & Jewelry",17.98
467,"Clothing, Shoes & Jewelry",44.67
468,"Clothing, Shoes & Jewelry",24.49
469,"Clothing, Shoes & Jewelry",22.49
470,"Clothing, Shoes & Jewelry",15.34
471,"Clothing, Shoes & Jewelry",20.5
472,"Clothing, Shoes & Jewelry",32.99
473,"Clothing, Shoes & Jewelry",46.61
474,"Clothing, Shoes & Jewelry",26.16
475,"Clothing, Shoes & Jewelry",145.94
476,"Clothing, Shoes & Jewelry",26.68
477,"Clothing, Shoes & Jewelry",64.5
478,"Clothing, Shoes & Jewelry",45.24
479,"Clothing, Shoes & Jewelry",22.99
480,"Clothing, Shoes & Jewelry",42.24
481,"Clothing, Shoes & Jewelry",26.49
482,"Clothing, Shoes & Jewelry",27.49
483,"Clothing, Shoes & Jewelry",20.99
484,"Clothing, Shoes & Jewelry",15.04
485,"Clothing, Shoes & Jewelry",41.81
486,Collectible Coins,9.95
487,Collectible Coins,5.5
488,Collectible Coins,21.97
489,Collectible Coins,9.49
490,Collectible Coins,15.91
491,Collectible Coins,11.45
492,Collectible Coins,51.2
493,Collectible Coins,13.82
494,Collectible Coins,8.99
495,Collectible Coins,15.12
496,Collectible Coins,9.89
497,Collectible Coins,13.95
498,Collectible Coins,7.99
499,Collectible Coins,8.68
500,Collectible Coins,17.39
501,Collectible Coins,15.99
502,Collectible Coins,8.88
503,Collectible Coins,8.88
504,Collectible Coins,44.99
505,Collectible Coins,9.99
506,Collectible Coins,12.99
507,Collectible Coins,20.95
508,Collectible Coins,20.82
509,Collectible Coins,16.1
510,Collectible Coins,14.73
511,Collectible Coins,8.99
512,Collectible Coins,10.99
513,Collectible Coins,8.49
514,Collectible Coins,12.39
515,Collectible Coins,14.99
516,Computers & Accessories,37.99
517,Computers & Accessories,8.95
518,Computers & Accessories,53.99
519,Computers & Accessories,13.89
520,Computers & Accessories,59.99
521,Computers & Accessories,12.99
522,Computers & Accessories,139.99
523,Computers & Accessories,149.99
524,Computers & Accessories,79.99
525,Computers & Accessories,89.99
526,Computers & Accessories,9.99
527,Computers & Accessories,129.99
528,Computers & Accessories,399.0
529,Computers & Accessories,27.99
530,Computers & Accessories,66.99
531,Computers & Accessories,15.99
532,Computers & Accessories,169.0
533,Computers & Accessories,7.99
534,Computers & Accessories,179.99
535,Computers & Accessories,40.99
536,Computers & Accessories,52.99
537,Computers & Accessories,15.59
538,Computers & Accessories,34.99
539,Computers & Accessories,21.74
540,Computers & Accessories,169.0
541,Computers & Accessories,10.48
542,Computers & Accessories,89.99
543,Computers & Accessories,28.97
544,Computers & Accessories,29.99
545,Computers & Accessories,35.99
546,Digital Educational Resources,8.99
547,Digital Educational Resources,2.5
548,Digital Educational Resources,7.49
549,Digital Educational Resources,7.49
550,Digital Educational Resources,7.49
551,Digital Educational Resources,8.99
552,Digital Educational Resources,8.99
553,Digital Educational Resources,7.49
554,Digital Educational Resources,22.99
555,Digital Educational Resources,6.5
556,Digital Educational Resources,7.49
557,Digital Educational Resources,3.95
558,Digital Educational Resources,8.99
559,Digital Educational Resources,8.99
560,Digital Educational Resources,8.99
561,Digital Educational Resources,3.25
562,Digital Educational Resources,7.49
563,Digital Educational Resources,5.99
564,Digital Educational Resources,4.99
565,Digital Educational Resources,8.99
566,Digital Educational Resources,4.0
567,Digital Educational Resources,4.5
568,Digital Educational Resources,7.49
569,Digital Educational Resources,19.99
570,Digital Educational Resources,2.5
571,Digital Educational Resources,9.74
572,Digital Educational Resources,8.99
573,Digital Educational Resources,3.5
574,Digital Educational Resources,2.24
575,Digital Educational Resources,8.99
576,Electronics,27.5
577,Electronics,39.99
578,Electronics,49.99
579,Electronics,7.99
580,Electronics,99.0
581,Electronics,29.99
582,Electronics,24.99
583,Electronics,54.99
584,Electronics,24.99
585,Electronics,13.98
586,Electronics,164.99
587,Electronics,46.49
588,Electronics,39.99
589,Electronics,15.98
590,Electronics,53.47
591,Electronics,6.97
592,Electronics,299.0
593,Electronics,139.99
594,Electronics,29.99
595,Electronics,103.65
596,Electronics,38.43
597,Electronics,299.0
598,Electronics,39.64
599,Electronics,10.99
600,Electronics,19.99
601,Electronics,15.97
602,Electronics,45.99
603,Electronics,18.97
604,Electronics,27.98
605,Electronics,19.88
606,Entertainment Collectibles,54.0
607,Entertainment Collectibles,24.95
608,Entertainment Collectibles,12.95
609,Entertainment Collectibles,29.95
610,Entertainment Collectibles,7.95
611,Entertainment Collectibles,16.97
612,Entertainment Collectibles,7.99
613,Entertainment Collectibles,399.99
614,Entertainment Collectibles,4.0
615,Entertainment Collectibles,29.95
616,Entertainment Collectibles,5.99
617,Entertainment Collectibles,7.95
618,Entertainment Collectibles,24.99
619,Entertainment Collectibles,99.95
620,Entertainment Collectibles,0.0
621,Entertainment Collectibles,0.0
622,Entertainment Collectibles,7.95
623,Entertainment Collectibles,0.0
624,Entertainment Collectibles,35.0
625,Entertainment Collectibles,0.0
626,Entertainment Collectibles,14.99
627,Entertainment Collectibles,17.95
628,Entertainment Collectibles,19.95
629,Entertainment Collectibles,4.0
630,Entertainment Collectibles,4.0
631,Entertainment Collectibles,49.95
632,Entertainment Collectibles,0.0
633,Entertainment Collectibles,0.0
634,Entertainment Collectibles,5.99
635,Entertainment Collectibles,17.95
636,Gift Cards,0.0
637,Gift Cards,15.0
638,Gift Cards,50.0
639,Gift Cards,50.0
640,Gift Cards,50.0
641,Gift Cards,50.0
642,Gift Cards,50.0
643,Gift Cards,25.0
644,Gift Cards,50.0
645,Gift Cards,25.0
646,Gift Cards,20.0
647,Gift Cards,50.0
648,Gift Cards,25.0
649,Gift Cards,105.95
650,Gift Cards,25.0
651,Gift Cards,25.0
652,Gift Cards,50.0
653,Gift Cards,50.0
654,Gift Cards,10.0
655,Gift Cards,206.95
656,Gift Cards,50.0
657,Gift Cards,50.0
658,Gift Cards,50.0
659,Gift Cards,25.0
660,Gift Cards,50.0
661,Gift Cards,50.0
662,Gift Cards,50.0
663,Gift Cards,20.0
664,Gift Cards,50.0
665,Gift Cards,50.0
666,Grocery & Gourmet Food,45.45
667,Grocery & Gourmet Food,25.45
668,Grocery & Gourmet Food,46.98
669,Grocery & Gourmet Food,55.49
670,Grocery & Gourmet Food,27.89
671,Grocery & Gourmet Food,148.12
672,Grocery & Gourmet Food,36.02
673,Grocery & Gourmet Food,18.05
674,Grocery & Gourmet Food,93.14
675,Grocery & Gourmet Food,38.66
676,Grocery & Gourmet Food,67.08
677,Grocery & Gourmet Food,37.52
678,Grocery & Gourmet Food,7.24
679,Grocery & Gourmet Food,31.28
680,Grocery & Gourmet Food,16.73
681,Grocery & Gourmet Food,65.58
682,Grocery & Gourmet Food,30.99
683,Grocery & Gourmet Food,33.12
684,Grocery & Gourmet Food,69.62
685,Grocery & Gourmet Food,28.66
686,Grocery & Gourmet Food,18.89
687,Grocery & Gourmet Food,30.99
688,Grocery & Gourmet Food,66.21
689,Grocery & Gourmet Food,29.98
690,Grocery & Gourmet Food,72.48
691,Grocery & Gourmet Food,66.95
692,Grocery & Gourmet Food,24.99
693,Grocery & Gourmet Food,23.16
694,Grocery & Gourmet Food,37.06
695,Grocery & Gourmet Food,34.09
696,Handmade Products,8.69
697,Handmade Products,16.49
698,Handmade Products,12.98
699,Handmade Products,10.88
700,Handmade Products,24.95
701,Handmade Products,11.49
702,Handmade Products,24.95
703,Handmade Products,9.99
704,Handmade Products,13.49
705,Handmade Products,13.77
706,Handmade Products,15.98
707,Handmade Products,12.95
708,Handmade Products,29.99
709,Handmade Products,21.99
710,Handmade Products,12.49
711,Handmade Products,12.95
712,Handmade Products,12.95
713,Handmade Products,10.99
714,Handmade Products,27.99
715,Handmade Products,0.0
716,Handmade Products,19.99
717,Handmade Products,10.98
718,Handmade Products,10.49
719,Handmade Products,17.95
720,Handmade Products,18.0
721,Handmade Products,25.0
722,Handmade Products,10.0
723,Handmade Products,36.5
724,Handmade Products,13.99
725,Handmade Products,22.49
726,Health & Household,16.59
727,Health & Household,13.79
728,Health & Household,72.5
729,Health & Household,20.64
730,Health & Household,27.48
731,Health & Household,18.48
732,Health & Household,225.9
733,Health & Household,19.49
734,Health & Household,46.86
735,Health & Household,24.59
736,Health & Household,40.78
737,Health & Household,48.95
738,Health & Household,16.22
739,Health & Household,27.99
740,Health & Household,14.49
741,Health & Household,21.99
742,Health & Household,40.94
743,Health & Household,112.49
744,Health & Household,53.46
745,Health & Household,25.85
746,Health & Household,22.99
747,Health & Household,21.24
748,Health & Household,41.53
749,Health & Household,25.2
750,Health & Household,118.4
751,Health & Household,7.99
752,Health & Household,17.0
753,Health & Household,56.99
754,Health & Household,49.98
755,Health & Household,23.54
756,Home & Kitchen,30.99
757,Home & Kitchen,43.99
758,Home & Kitchen,42.47
759,Home & Kitchen,35.75
760,Home & Kitchen,24.91
761,Home & Kitchen,22.12
762,Home & Kitchen,34.99
763,Home & Kitchen,30.63
764,Home & Kitchen,32.5
765,Home & Kitchen,36.12
766,Home & Kitchen,27.26
767,Home & Kitchen,24.49
768,Home & Kitchen,36.99
769,Home & Kitchen,13.99
770,Home & Kitchen,9.99
771,Home & Kitchen,7.99
772,Home & Kitchen,11.99
773,Home & Kitchen,41.97
774,Home & Kitchen,29.99
775,Home & Kitchen,97.98
776,Home & Kitchen,18.99
777,Home & Kitchen,5.97
778,Home & Kitchen,17.36
779,Home & Kitchen,17.99
780,Home & Kitchen,12.99
781,Home & Kitchen,24.99
782,Home & Kitchen,26.03
783,Home & Kitchen,17.49
784,Home & Kitchen,11.73
785,Home & Kitchen,44.99
786,Home & Kitchen,54.94
787,Home & Kitchen,14.41
788,Home & Kitchen,19.49
789,Home & Kitchen,18.59
790,Home & Kitchen,19.49
791,Home & Kitchen,77.98
792,Home & Kitchen,39.99
793,Home & Kitchen,60.37
794,Home & Kitchen,31.99
795,Home & Kitchen,101.97
796,Home & Kitchen,14.49
797,Home & Kitchen,28.99
798,Home & Kitchen,16.49
799,Home & Kitchen,17.5
800,Home & Kitchen,107.37
801,Home & Kitchen,61.98
802,Home & Kitchen,29.99
803,Home & Kitchen,34.99
804,Home & Kitchen,63.98
805,Home & Kitchen,11.49
806,Industrial & Scientific,17.98
807,Industrial & Scientific,41.53
808,Industrial & Scientific,9.89
809,Industrial & Scientific,44.95
810,Industrial & Scientific,34.73
811,Industrial & Scientific,19.99
812,Industrial & Scientific,12.51
813,Industrial & Scientific,38.99
814,Industrial & Scientific,35.56
815,Industrial & Scientific,25.0
816,Industrial & Scientific,34.19
817,Industrial & Scientific,17.5
818,Industrial & Scientific,20.99
819,Industrial & Scientific,23.97
820,Industrial & Scientific,35.17
821,Industrial & Scientific,72.49
822,Industrial & Scientific,12.97
823,Industrial & Scientific,34.98
824,Industrial & Scientific,39.16
825,Industrial & Scientific,44.66
826,Industrial & Scientific,18.84
827,Industrial & Scientific,73.28
828,Industrial & Scientific,5.98
829,Industrial & Scientific,39.13
830,Industrial & Scientific,9.46
831,Industrial & Scientific,54.5
832,Industrial & Scientific,19.07
833,Industrial & Scientific,5.36
834,Industrial & Scientific,20.99
835,Industrial & Scientific,12.9
836,Industrial & Scientific,10.29
837,Industrial & Scientific,10.17
838,Industrial & Scientific,32.13
839,Industrial & Scientific,9.47
840,Industrial & Scientific,13.49
841,Industrial & Scientific,27.24
842,Industrial & Scientific,10.99
843,Industrial & Scientific,15.54
844,Industrial & Scientific,10.81
845,Industrial & Scientific,11.49
846,Industrial & Scientific,16.49
847,Industrial & Scientific,13.87
848,Industrial & Scientific,107.49
849,Industrial & Scientific,17.48
850,Industrial & Scientific,12.46
851,Industrial & Scientific,23.99
852,Industrial & Scientific,10.49
853,Industrial & Scientific,12.77
854,Industrial & Scientific,15.49
855,Industrial & Scientific,24.99
856,Kindle Store,11.99
857,Kindle Store,5.99
858,Kindle Store,3.99
859,Kindle Store,4.99
860,Kindle Store,7.99
861,Kindle Store,4.99
862,Kindle Store,5.99
863,Kindle Store,9.99
864,Kindle Store,2.99
865,Kindle Store,4.99
866,Kindle Store,3.99
867,Kindle Store,5.99
868,Kindle Store,4.99
869,Kindle Store,9.41
870,Kindle Store,4.99
871,Kindle Store,5.99
872,Kindle Store,4.99
873,Kindle Store,5.99
874,Kindle Store,0.99
875,Kindle Store,9.99
876,Kindle Store,5.99
877,Kindle Store,6.99
878,Kindle Store,1.99
879,Kindle Store,4.99
880,Kindle Store,4.99
881,Kindle Store,4.99
882,Kindle Store,9.99
883,Kindle Store,14.99
884,Kindle Store,4.99
885,Kindle Store,3.99
886,Kitchen & Dining,24.91
887,Kitchen & Dining,32.5
888,Kitchen & Dining,27.26
889,Kitchen & Dining,36.99
890,Kitchen & Dining,9.99
891,Kitchen & Dining,17.36
892,Kitchen & Dining,24.99
893,Kitchen & Dining,17.49
894,Kitchen & Dining,18.59
895,Kitchen & Dining,14.49
896,Kitchen & Dining,16.49
897,Kitchen & Dining,29.99
898,Kitchen & Dining,19.93
899,Kitchen & Dining,24.53
900,Kitchen & Dining,19.47
901,Kitchen & Dining,8.99
902,Kitchen & Dining,17.55
903,Kitchen & Dining,23.94
904,Kitchen & Dining,155.0
905,Kitchen & Dining,30.13
906,Kitchen & Dining,7.01
907,Kitchen & Dining,18.49
908,Kitchen & Dining,14.49
909,Kitchen & Dining,47.69
910,Kitchen & Dining,67.43
911,Kitchen & Dining,19.91
912,Kitchen & Dining,38.41
913,Kitchen & Dining,13.46
914,Kitchen & Dining,14.99
915,Kitchen & Dining,28.99
916,Magazine Subscriptions,5.0
917,Magazine Subscriptions,5.0
918,Magazine Subscriptions,7.0
919,Magazine Subscriptions,20.0
920,Magazine Subscriptions,8.0
921,Magazine Subscriptions,7.0
922,Magazine Subscriptions,10.0
923,Magazine Subscriptions,7.0
924,Magazine Subscriptions,8.0
925,Magazine Subscriptions,5.75
926,Magazine Subscriptions,8.0
927,Magazine Subscriptions,6.0
928,Magazine Subscriptions,5.0
929,Magazine Subscriptions,6.0
930,Magazine Subscriptions,7.5
931,Magazine Subscriptions,29.0
932,Magazine Subscriptions,7.0
933,Magazine Subscriptions,5.75
934,Magazine Subscriptions,12.0
935,Magazine Subscriptions,5.0
936,Magazine Subscriptions,15.0
937,Magazine Subscriptions,15.0
938,Magazine Subscriptions,5.75
939,Magazine Subscriptions,11.0
940,Magazine Subscriptions,7.0
941,Magazine Subscriptions,6.0
942,Magazine Subscriptions,1.99
943,Magazine Subscriptions,15.0
944,Magazine Subscriptions,10.0
945,Magazine Subscriptions,39.99
946,Movies & TV,19.99
947,Movies & TV,19.99
948,Movies & TV,17.96
949,Movies & TV,19.96
950,Movies & TV,22.99
951,Movies & TV,24.99
952,Movies & TV,17.96
953,Movies & TV,0.0
954,Movies & TV,19.96
955,Movies & TV,24.96
956,Movies & TV,27.99
957,Movies & TV,22.96
958,Movies & TV,24.99
959,Movies & TV,29.96
960,Movies & TV,0.0
961,Movies & TV,29.99
962,Movies & TV,0.0
963,Movies & TV,104.99
964,Movies & TV,0.0
965,Movies & TV,13.25
966,Movies & TV,0.0
967,Movies & TV,24.3
968,Movies & TV,24.96
969,Movies & TV,27.99
970,Movies & TV,21.25
971,Movies & TV,19.96
972,Movies & TV,42.99
973,Movies & TV,17.0
974,Movies & TV,9.99
975,Movies & TV,19.95
976,Movies & TV,17.96
977,Movies & TV,29.96
978,Movies & TV,0.0
979,Movies & TV,27.99
980,Movies & TV,24.99
981,Movies & TV,29.96
982,Movies & TV,21.99
983,Movies & TV,19.96
984,Movies & TV,27.99
985,Movies & TV,19.96
986,Movies & TV,22.96
987,Movies & TV,17.18
988,Movies & TV,19.99
989,Movies & TV,19.96
990,Movies & TV,24.99
991,Movies & TV,24.96
992,Movies & TV,24.96
993,Movies & TV,19.96
994,Movies & TV,26.59
995,Movies & TV,41.49
996,Musical Instruments,27.66
997,Musical Instruments,19.23
998,Musical Instruments,50.49
999,Musical Instruments,11.49
1000,Musical Instruments,21.95
1001,Musical Instruments,33.99
1002,Musical Instruments,13.39
1003,Musical Instruments,19.49
1004,Musical Instruments,20.92
1005,Musical Instruments,171.09
1006,Musical Instruments,96.16
1007,Musical Instruments,12.47
1008,Musical Instruments,18.25
1009,Musical Instruments,34.88
1010,Musical Instruments,8.73
1011,Musical Instruments,37.62
1012,Musical Instruments,285.63
1013,Musical Instruments,28.99
1014,Musical Instruments,20.99
1015,Musical Instruments,76.75
1016,Musical Instruments,50.65
1017,Musical Instruments,14.99
1018,Musical Instruments,32.99
1019,Musical Instruments,29.99
1020,Musical Instruments,26.98
1021,Musical Instruments,15.49
1022,Musical Instruments,14.44
1023,Musical Instruments,17.95
1024,Musical Instruments,25.69
1025,Musical Instruments,24.99
1026,Musical Instruments,47.04
1027,Musical Instruments,21.82
1028,Musical Instruments,39.2
1029,Musical Instruments,58.29
1030,Musical Instruments,45.77
1031,Musical Instruments,27.24
1032,Musical Instruments,14.99
1033,Musical Instruments,71.2
1034,Musical Instruments,123.48
1035,Musical Instruments,8.97
1036,Musical Instruments,22.3
1037,Musical Instruments,6.99
1038,Musical Instruments,16.99
1039,Musical Instruments,24.96
1040,Musical Instruments,22.99
1041,Musical Instruments,6.99
1042,Musical Instruments,12.49
1043,Musical Instruments,22.99
1044,Musical Instruments,13.22
1045,Musical Instruments,194.0
1046,Office Products,0.0
1047,Office Products,14756.0
1048,Office Products,36.13
1049,Office Products,30.51
1050,Office Products,8.27
1051,Office Products,25.21
1052,Office Products,9.75
1053,Office Products,21.06
1054,Office Products,12.37
1055,Office Products,129.99
1056,Office Products,21.48
1057,Office Products,42.59
1058,Office Products,3.75
1059,Office Products,14.99
1060,Office Products,5.49
1061,Office Products,37.73
1062,Office Products,14.25
1063,Office Products,0.0
1064,Office Products,13.99
1065,Office Products,29.14
1066,Office Products,32.98
1067,Office Products,7.67
1068,Office Products,36.49
1069,Office Products,50.62
1070,Office Products,34.4
1071,Office Products,11.73
1072,Office Products,1357.49
1073,Office Products,29.82
1074,Office Products,22.72
1075,Office Products,6.58
1076,"Patio, Lawn & Garden",22.12
1077,"Patio, Lawn & Garden",36.12
1078,"Patio, Lawn & Garden",5.97
1079,"Patio, Lawn & Garden",44.99
1080,"Patio, Lawn & Garden",31.99
1081,"Patio, Lawn & Garden",101.97
1082,"Patio, Lawn & Garden",34.99
1083,"Patio, Lawn & Garden",17.24
1084,"Patio, Lawn & Garden",74.82
1085,"Patio, Lawn & Garden",8.49
1086,"Patio, Lawn & Garden",34.0
1087,"Patio, Lawn & Garden",9.97
1088,"Patio, Lawn & Garden",40.99
1089,"Patio, Lawn & Garden",123.98
1090,"Patio, Lawn & Garden",7.98
1091,"Patio, Lawn & Garden",52.99
1092,"Patio, Lawn & Garden",31.73
1093,"Patio, Lawn & Garden",28.21
1094,"Patio, Lawn & Garden",102.2
1095,"Patio, Lawn & Garden",13.57
1096,"Patio, Lawn & Garden",86.5
1097,"Patio, Lawn & Garden",49.98
1098,"Patio, Lawn & Garden",40.77
1099,"Patio, Lawn & Garden",16.99
1100,"Patio, Lawn & Garden",69.99
1101,"Patio, Lawn & Garden",5.37
1102,"Patio, Lawn & Garden",20.78
1103,"Patio, Lawn & Garden",14.47
1104,"Patio, Lawn & Garden",27.73
1105,"Patio, Lawn & Garden",36.99
1106,Pet Supplies,36.1
1107,Pet Supplies,13.99
1108,Pet Supplies,22.12
1109,Pet Supplies,24.45
1110,Pet Supplies,72.48
1111,Pet Supplies,5.1
1112,Pet Supplies,32.34
1113,Pet Supplies,107.09
1114,Pet Supplies,18.14
1115,Pet Supplies,150.93
1116,Pet Supplies,42.69
1117,Pet Supplies,34.97
1118,Pet Supplies,18.48
1119,Pet Supplies,19.85
1120,Pet Supplies,49.98
1121,Pet Supplies,16.98
1122,Pet Supplies,58.82
1123,Pet Supplies,5.1
1124,Pet Supplies,97.02
1125,Pet Supplies,38.45
1126,Pet Supplies,44.19
1127,Pet Supplies,19.92
1128,Pet Supplies,40.96
1129,Pet Supplies,38.13
1130,Pet Supplies,39.2
1131,Pet Supplies,39.98
1132,Pet Supplies,33.8
1133,Pet Supplies,22.72
1134,Pet Supplies,28.95
1135,Pet Supplies,23.96
1136,Software,58.99
1137,Software,124.99
1138,Software,24.99
1139,Software,4.99
1140,Software,2.0
1141,Software,9.99
1142,Software,24.99
1143,Software,92.95
1144,Software,5.0
1145,Software,24.99
1146,Software,34.99
1147,Software,219.99
1148,Software,29.99
1149,Software,249.99
1150,Software,109.98
1151,Software,139.0
1152,Software,89.99
1153,Software,24.99
1154,Software,15.0
1155,Software,14.99
1156,Software,0.0
1157,Software,59.73
1158,Software,19.99
1159,Software,99.99
1160,Software,29.99
1161,Software,19.99
1162,Software,39.99
1163,Software,39.99
1164,Software,178.88
1165,Software,148.99
1166,Sports & Outdoors,29.45
1167,Sports & Outdoors,57.86
1168,Sports & Outdoors,10.45
1169,Sports & Outdoors,76.95
1170,Sports & Outdoors,31.64
1171,Sports & Outdoors,19.88
1172,Sports & Outdoors,107.37
1173,Sports & Outdoors,35.77
1174,Sports & Outdoors,18.4
1175,Sports & Outdoors,22.99
1176,Sports & Outdoors,21.99
1177,Sports & Outdoors,67.43
1178,Sports & Outdoors,45.52
1179,Sports & Outdoors,13.99
1180,Sports & Outdoors,26.45
1181,Sports & Outdoors,83.05
1182,Sports & Outdoors,21.48
1183,Sports & Outdoors,57.49
1184,Sports & Outdoors,70.62
1185,Sports & Outdoors,10.4
1186,Sports & Outdoors,12.95
1187,Sports & Outdoors,28.99
1188,Sports & Outdoors,16.99
1189,Sports & Outdoors,22.75
1190,Sports & Outdoors,22.98
1191,Sports & Outdoors,25.38
1192,Sports & Outdoors,150.06
1193,Sports & Outdoors,26.95
1194,Sports & Outdoors,19.48
1195,Sports & Outdoors,25.09
1196,Sports Collectibles,28.59
1197,Sports Collectibles,18.97
1198,Sports Collectibles,11.25
1199,Sports Collectibles,12.95
1200,Sports Collectibles,69.99
1201,Sports Collectibles,26.99
1202,Sports Collectibles,69.9
1203,Sports Collectibles,19.98
1204,Sports Collectibles,32.99
1205,Sports Collectibles,25.37
1206,Sports Collectibles,53.85
1207,Sports Collectibles,17.99
1208,Sports Collectibles,17.2
1209,Sports Collectibles,37.99
1210,Sports Collectibles,13.99
1211,Sports Collectibles,23.99
1212,Sports Collectibles,101.4
1213,Sports Collectibles,61.5
1214,Sports Collectibles,126.0
1215,Sports Collectibles,21.88
1216,Sports Collectibles,46.94
1217,Sports Collectibles,12.74
1218,Sports Collectibles,68.6
1219,Sports Collectibles,58.95
1220,Sports Collectibles,28.99
1221,Sports Collectibles,11.97
1222,Sports Collectibles,39.99
1223,Sports Collectibles,68.72
1224,Sports Collectibles,22.47
1225,Sports Collectibles,34.99
1226,Tools & Home Improvement,30.94
1227,Tools & Home Improvement,84.66
1228,Tools & Home Improvement,53.99
1229,Tools & Home Improvement,9.46
1230,Tools & Home Improvement,26.49
1231,Tools & Home Improvement,75.89
1232,Tools & Home Improvement,34.73
1233,Tools & Home Improvement,98.25
1234,Tools & Home Improvement,24.99
1235,Tools & Home Improvement,17.5
1236,Tools & Home Improvement,16.05
1237,Tools & Home Improvement,39.73
1238,Tools & Home Improvement,144.98
1239,Tools & Home Improvement,57.45
1240,Tools & Home Improvement,78.98
1241,Tools & Home Improvement,60.37
1242,Tools & Home Improvement,26.49
1243,Tools & Home Improvement,22.24
1244,Tools & Home Improvement,24.99
1245,Tools & Home Improvement,53.99
1246,Tools & Home Improvement,100.78
1247,Tools & Home Improvement,164.99
1248,Tools & Home Improvement,38.11
1249,Tools & Home Improvement,53.31
1250,Tools & Home Improvement,110.73
1251,Tools & Home Improvement,23.97
1252,Tools & Home Improvement,82.24
1253,Tools & Home Improvement,14.98
1254,Tools & Home Improvement,129.56
1255,Tools & Home Improvement,24.41
1256,Toys & Games,35.43
1257,Toys & Games,0.0
1258,Toys & Games,8.0
1259,Toys & Games,7.99
1260,Toys & Games,31.49
1261,Toys & Games,15.21
1262,Toys & Games,11.99
1263,Toys & Games,0.0
1264,Toys & Games,32.2
1265,Toys & Games,31.99
1266,Toys & Games,31.95
1267,Toys & Games,8.99
1268,Toys & Games,30.36
1269,Toys & Games,24.99
1270,Toys & Games,18.77
1271,Toys & Games,14.17
1272,Toys & Games,19.48
1273,Toys & Games,23.04
1274,Toys & Games,9.28
1275,Toys & Games,8.77
1276,Toys & Games,15.49
1277,Toys & Games,20.99
1278,Toys & Games,16.5
1279,Toys & Games,12.49
1280,Toys & Games,14.87
1281,Toys & Games,7.49
1282,Toys & Games,9.84
1283,Toys & Games,27.49
1284,Toys & Games,29.95
1285,Toys & Games,162.0
1286,Video Games,60.0
1287,Video Games,549.99
1288,Video Games,55.0
1289,Video Games,9.4
1290,Video Games,52.0
1291,Video Games,25.0
1292,Video Games,499.0
1293,Video Games,499.99
1294,Video Games,20.0
1295,Video Games,349.99
1296,Video Games,23.99
1297,Video Games,69.0
1298,Video Games,0.0
1299,Video Games,0.0
1300,Video Games,39.8
1301,Video Games,25.0
1302,Video Games,69.99
1303,Video Games,299.99
1304,Video Games,0.0
1305,Video Games,69.12
1306,Video Games,0.0
1307,Video Games,29.0
1308,Video Games,0.0
1309,Video Games,29.88
1310,Video Games,43.98
1311,Video Games,44.99
1312,Video Games,0.0
1313,Video Games,89.99
1314,Video Games,10.0
1315,Video Games,39.99
